﻿<AML>
 <Item type="SQL" id="1B5D9718B1FA4C21A4821F194AA2810B" action="add">
  <execution_count>3</execution_count>
  <execution_flag>immediate</execution_flag>
  <name>select_project_tree</name>
  <old_name>select_project_tree</old_name>
  <sqlserver_body><![CDATA[CREATE PROCEDURE innovator.select_project_tree(@ID char(32)) AS
begin
  select * from select_project_list2(@ID)
  order by N
end]]></sqlserver_body>
  <stale>0</stale>
  <transform_first>0</transform_first>
  <type>procedure</type>
 </Item>
</AML>