﻿<AML>
 <Item type="Method" id="E22AF4637BA84773AB204AECD62E439B" action="add">
  <method_code><![CDATA[Dim callframe As Item = Me.newitem("SQL","SQL PROCESS")
callframe.setproperty("name","select_project_tree")
callframe.setproperty("PROCESS","CALL")
callframe.setproperty("ARG1", Me.getID())
Dim resultframe As Item = callframe.apply()
If resultframe.isError() Then
 cco.startup.debuglog("select_project_tree failed",resultframe.dom)
End If
Return resultframe

 
]]></method_code>
  <method_type>VB</method_type>
  <name>select_project_tree</name>
 </Item>
</AML>